{
  "name": "Comic Sans MS",
  "size": 32,
  "bold": true,
  "italic": false,
  "width": 832,
  "height": 262,
  "characters": {
    "0":{"x":342,"y":131,"width":31,"height":37,"originX":6,"originY":30,"advance":19},
    "1":{"x":514,"y":168,"width":24,"height":36,"originX":2,"originY":30,"advance":19},
    "2":{"x":486,"y":168,"width":28,"height":36,"originX":4,"originY":30,"advance":19},
    "3":{"x":786,"y":131,"width":28,"height":37,"originX":4,"originY":30,"advance":19},
    "4":{"x":373,"y":131,"width":31,"height":37,"originX":6,"originY":30,"advance":19},
    "5":{"x":435,"y":131,"width":30,"height":37,"originX":5,"originY":30,"advance":19},
    "6":{"x":525,"y":131,"width":29,"height":37,"originX":5,"originY":30,"advance":19},
    "7":{"x":364,"y":168,"width":32,"height":36,"originX":6,"originY":29,"advance":19},
    "8":{"x":554,"y":131,"width":29,"height":37,"originX":5,"originY":30,"advance":19},
    "9":{"x":478,"y":92,"width":30,"height":38,"originX":5,"originY":30,"advance":19},
    "!":{"x":193,"y":168,"width":17,"height":37,"originX":5,"originY":31,"advance":7},
    "\"":{"x":180,"y":237,"width":24,"height":22,"originX":5,"originY":31,"advance":14},
    "#":{"x":585,"y":48,"width":40,"height":39,"originX":7,"originY":32,"advance":27},
    "$":{"x":583,"y":0,"width":32,"height":45,"originX":5,"originY":33,"advance":22},
    "%":{"x":346,"y":92,"width":36,"height":38,"originX":4,"originY":31,"advance":26},
    "&":{"x":382,"y":92,"width":33,"height":38,"originX":6,"originY":30,"advance":21},
    "'":{"x":204,"y":237,"width":17,"height":22,"originX":1,"originY":31,"advance":14},
    "(":{"x":0,"y":48,"width":23,"height":44,"originX":5,"originY":31,"advance":11},
    ")":{"x":23,"y":48,"width":23,"height":44,"originX":5,"originY":31,"advance":11},
    "*":{"x":22,"y":237,"width":28,"height":24,"originX":6,"originY":31,"advance":17},
    "+":{"x":50,"y":237,"width":27,"height":24,"originX":3,"originY":21,"advance":19},
    ",":{"x":340,"y":237,"width":18,"height":19,"originX":3,"originY":8,"advance":14},
    "-":{"x":358,"y":237,"width":25,"height":16,"originX":3,"originY":16,"advance":19},
    ".":{"x":408,"y":237,"width":18,"height":16,"originX":2,"originY":8,"advance":14},
    "/":{"x":140,"y":92,"width":27,"height":39,"originX":5,"originY":31,"advance":16},
    ":":{"x":575,"y":205,"width":17,"height":27,"originX":1,"originY":23,"advance":14},
    ";":{"x":812,"y":168,"width":19,"height":33,"originX":3,"originY":23,"advance":14},
    "<":{"x":785,"y":205,"width":23,"height":25,"originX":2,"originY":22,"advance":19},
    "=":{"x":155,"y":237,"width":25,"height":22,"originX":3,"originY":20,"advance":19},
    ">":{"x":710,"y":205,"width":25,"height":26,"originX":2,"originY":23,"advance":19},
    "?":{"x":0,"y":168,"width":28,"height":37,"originX":5,"originY":30,"advance":18},
    "@":{"x":625,"y":48,"width":40,"height":39,"originX":5,"originY":31,"advance":30},
    "A":{"x":556,"y":168,"width":33,"height":35,"originX":5,"originY":29,"advance":23},
    "B":{"x":465,"y":131,"width":30,"height":37,"originX":4,"originY":30,"advance":20},
    "C":{"x":396,"y":168,"width":31,"height":36,"originX":5,"originY":30,"advance":20},
    "D":{"x":415,"y":92,"width":32,"height":38,"originX":4,"originY":30,"advance":23},
    "E":{"x":447,"y":92,"width":31,"height":38,"originX":5,"originY":30,"advance":20},
    "F":{"x":508,"y":92,"width":30,"height":38,"originX":5,"originY":30,"advance":19},
    "G":{"x":212,"y":131,"width":33,"height":37,"originX":5,"originY":30,"advance":22},
    "H":{"x":110,"y":131,"width":34,"height":37,"originX":4,"originY":30,"advance":24},
    "I":{"x":457,"y":168,"width":29,"height":36,"originX":6,"originY":29,"advance":17},
    "J":{"x":245,"y":131,"width":33,"height":37,"originX":5,"originY":29,"advance":21},
    "K":{"x":538,"y":92,"width":30,"height":38,"originX":4,"originY":30,"advance":19},
    "L":{"x":583,"y":131,"width":29,"height":37,"originX":5,"originY":30,"advance":17},
    "M":{"x":793,"y":92,"width":39,"height":37,"originX":5,"originY":30,"advance":28},
    "N":{"x":38,"y":131,"width":36,"height":37,"originX":5,"originY":30,"advance":26},
    "O":{"x":227,"y":168,"width":36,"height":36,"originX":5,"originY":29,"advance":25},
    "P":{"x":28,"y":168,"width":28,"height":37,"originX":5,"originY":30,"advance":17},
    "Q":{"x":263,"y":48,"width":40,"height":42,"originX":6,"originY":29,"advance":28},
    "R":{"x":404,"y":131,"width":31,"height":37,"originX":5,"originY":30,"advance":20},
    "S":{"x":298,"y":168,"width":33,"height":36,"originX":5,"originY":29,"advance":22},
    "T":{"x":263,"y":168,"width":35,"height":36,"originX":6,"originY":29,"advance":22},
    "U":{"x":331,"y":168,"width":33,"height":36,"originX":5,"originY":29,"advance":23},
    "V":{"x":278,"y":131,"width":32,"height":37,"originX":5,"originY":30,"advance":21},
    "W":{"x":302,"y":92,"width":44,"height":38,"originX":5,"originY":30,"advance":33},
    "X":{"x":144,"y":131,"width":34,"height":37,"originX":6,"originY":30,"advance":23},
    "Y":{"x":310,"y":131,"width":32,"height":37,"originX":6,"originY":30,"advance":20},
    "Z":{"x":178,"y":131,"width":34,"height":37,"originX":6,"originY":30,"advance":22},
    "[":{"x":396,"y":48,"width":22,"height":42,"originX":4,"originY":29,"advance":12},
    "\\":{"x":681,"y":92,"width":27,"height":38,"originX":4,"originY":30,"advance":17},
    "]":{"x":418,"y":48,"width":22,"height":42,"originX":5,"originY":29,"advance":12},
    "^":{"x":221,"y":237,"width":26,"height":20,"originX":3,"originY":32,"advance":19},
    "_":{"x":444,"y":237,"width":35,"height":15,"originX":7,"originY":3,"advance":20},
    "`":{"x":320,"y":237,"width":20,"height":19,"originX":4,"originY":32,"advance":18},
    "a":{"x":273,"y":205,"width":29,"height":29,"originX":5,"originY":22,"advance":18},
    "b":{"x":612,"y":131,"width":29,"height":37,"originX":5,"originY":31,"advance":19},
    "c":{"x":415,"y":205,"width":27,"height":29,"originX":6,"originY":22,"advance":16},
    "d":{"x":641,"y":131,"width":29,"height":37,"originX":5,"originY":31,"advance":19},
    "e":{"x":331,"y":205,"width":28,"height":29,"originX":5,"originY":22,"advance":18},
    "f":{"x":167,"y":92,"width":27,"height":39,"originX":6,"originY":31,"advance":16},
    "g":{"x":670,"y":131,"width":29,"height":37,"originX":6,"originY":22,"advance":17},
    "h":{"x":597,"y":92,"width":28,"height":38,"originX":4,"originY":31,"advance":18},
    "i":{"x":538,"y":168,"width":18,"height":36,"originX":4,"originY":29,"advance":9},
    "j":{"x":800,"y":0,"width":24,"height":44,"originX":7,"originY":29,"advance":13},
    "k":{"x":56,"y":168,"width":28,"height":37,"originX":5,"originY":31,"advance":17},
    "l":{"x":210,"y":168,"width":17,"height":37,"originX":4,"originY":31,"advance":9},
    "m":{"x":72,"y":205,"width":35,"height":31,"originX":5,"originY":23,"advance":25},
    "n":{"x":138,"y":205,"width":28,"height":30,"originX":5,"originY":23,"advance":17},
    "o":{"x":442,"y":205,"width":27,"height":29,"originX":5,"originY":22,"advance":17},
    "p":{"x":708,"y":92,"width":27,"height":38,"originX":5,"originY":23,"advance":17},
    "q":{"x":140,"y":168,"width":27,"height":37,"originX":6,"originY":22,"advance":16},
    "r":{"x":496,"y":205,"width":26,"height":29,"originX":5,"originY":22,"advance":15},
    "s":{"x":522,"y":205,"width":26,"height":29,"originX":5,"originY":22,"advance":15},
    "t":{"x":785,"y":168,"width":27,"height":34,"originX":6,"originY":27,"advance":15},
    "u":{"x":469,"y":205,"width":27,"height":29,"originX":5,"originY":22,"advance":16},
    "v":{"x":359,"y":205,"width":28,"height":29,"originX":6,"originY":22,"advance":15},
    "w":{"x":207,"y":205,"width":34,"height":29,"originX":6,"originY":22,"advance":22},
    "x":{"x":107,"y":205,"width":31,"height":30,"originX":6,"originY":23,"advance":19},
    "y":{"x":495,"y":131,"width":30,"height":37,"originX":6,"originY":22,"advance":17},
    "z":{"x":387,"y":205,"width":28,"height":29,"originX":5,"originY":22,"advance":17},
    "{":{"x":213,"y":48,"width":25,"height":43,"originX":7,"originY":31,"advance":11},
    "|":{"x":46,"y":48,"width":17,"height":44,"originX":1,"originY":33,"advance":13},
    "}":{"x":238,"y":48,"width":25,"height":43,"originX":7,"originY":31,"advance":11},
    "~":{"x":269,"y":237,"width":30,"height":19,"originX":5,"originY":21,"advance":19},
    " ":{"x":514,"y":237,"width":12,"height":12,"originX":6,"originY":6,"advance":15},
    "¡":{"x":776,"y":92,"width":17,"height":38,"originX":4,"originY":31,"advance":7},
    "¢":{"x":701,"y":48,"width":29,"height":39,"originX":5,"originY":33,"advance":19},
    "£":{"x":665,"y":48,"width":36,"height":39,"originX":6,"originY":30,"advance":25},
    "¤":{"x":241,"y":205,"width":32,"height":29,"originX":6,"originY":26,"advance":19},
    "¥":{"x":427,"y":168,"width":30,"height":36,"originX":5,"originY":29,"advance":19},
    "¦":{"x":63,"y":48,"width":17,"height":44,"originX":1,"originY":33,"advance":13},
    "§":{"x":568,"y":92,"width":29,"height":38,"originX":5,"originY":31,"advance":20},
    "¨":{"x":383,"y":237,"width":25,"height":16,"originX":3,"originY":28,"advance":18},
    "©":{"x":36,"y":205,"width":36,"height":31,"originX":5,"originY":31,"advance":25},
    "ª":{"x":758,"y":205,"width":27,"height":25,"originX":4,"originY":32,"advance":19},
    "«":{"x":592,"y":205,"width":33,"height":26,"originX":6,"originY":22,"advance":20},
    "¬":{"x":128,"y":237,"width":27,"height":22,"originX":4,"originY":18,"advance":19},
    "­":{"x":526,"y":237,"width":12,"height":12,"originX":6,"originY":6,"advance":0},
    "®":{"x":0,"y":205,"width":36,"height":32,"originX":5,"originY":31,"advance":25},
    "¯":{"x":479,"y":237,"width":35,"height":15,"originX":7,"originY":35,"advance":20},
    "°":{"x":103,"y":237,"width":25,"height":23,"originX":3,"originY":32,"advance":19},
    "±":{"x":548,"y":205,"width":27,"height":28,"originX":4,"originY":21,"advance":19},
    "²":{"x":735,"y":205,"width":23,"height":26,"originX":1,"originY":33,"advance":19},
    "³":{"x":0,"y":237,"width":22,"height":25,"originX":1,"originY":33,"advance":19},
    "´":{"x":299,"y":237,"width":21,"height":19,"originX":3,"originY":32,"advance":18},
    "µ":{"x":589,"y":168,"width":32,"height":35,"originX":6,"originY":22,"advance":19},
    "¶":{"x":440,"y":48,"width":35,"height":41,"originX":6,"originY":32,"advance":24},
    "·":{"x":426,"y":237,"width":18,"height":16,"originX":-1,"originY":19,"advance":19},
    "¸":{"x":247,"y":237,"width":22,"height":20,"originX":1,"originY":8,"advance":18},
    "¹":{"x":808,"y":205,"width":23,"height":25,"originX":1,"originY":33,"advance":19},
    "º":{"x":684,"y":205,"width":26,"height":26,"originX":3,"originY":32,"advance":19},
    "»":{"x":625,"y":205,"width":32,"height":26,"originX":6,"originY":22,"advance":20},
    "¼":{"x":615,"y":0,"width":30,"height":45,"originX":5,"originY":33,"advance":19},
    "½":{"x":645,"y":0,"width":30,"height":45,"originX":5,"originY":33,"advance":19},
    "¾":{"x":675,"y":0,"width":30,"height":45,"originX":5,"originY":33,"advance":19},
    "¿":{"x":84,"y":168,"width":28,"height":37,"originX":5,"originY":30,"advance":18},
    "À":{"x":418,"y":0,"width":33,"height":45,"originX":4,"originY":38,"advance":23},
    "Á":{"x":451,"y":0,"width":33,"height":45,"originX":4,"originY":38,"advance":23},
    "Â":{"x":484,"y":0,"width":33,"height":45,"originX":4,"originY":39,"advance":23},
    "Ã":{"x":116,"y":48,"width":34,"height":43,"originX":4,"originY":37,"advance":23},
    "Ä":{"x":475,"y":48,"width":33,"height":41,"originX":4,"originY":35,"advance":23},
    "Å":{"x":150,"y":48,"width":33,"height":43,"originX":4,"originY":36,"advance":23},
    "Æ":{"x":537,"y":48,"width":48,"height":39,"originX":6,"originY":31,"advance":35},
    "Ç":{"x":336,"y":48,"width":31,"height":42,"originX":5,"originY":30,"advance":20},
    "È":{"x":0,"y":0,"width":31,"height":48,"originX":5,"originY":40,"advance":20},
    "É":{"x":31,"y":0,"width":31,"height":48,"originX":5,"originY":40,"advance":20},
    "Ê":{"x":62,"y":0,"width":31,"height":48,"originX":5,"originY":41,"advance":20},
    "Ë":{"x":741,"y":0,"width":31,"height":44,"originX":5,"originY":37,"advance":20},
    "Ì":{"x":326,"y":0,"width":28,"height":46,"originX":5,"originY":39,"advance":17},
    "Í":{"x":297,"y":0,"width":29,"height":46,"originX":6,"originY":39,"advance":17},
    "Î":{"x":354,"y":0,"width":28,"height":46,"originX":5,"originY":40,"advance":17},
    "Ï":{"x":367,"y":48,"width":29,"height":42,"originX":6,"originY":36,"advance":17},
    "Ð":{"x":74,"y":131,"width":36,"height":37,"originX":7,"originY":30,"advance":23},
    "Ñ":{"x":382,"y":0,"width":36,"height":45,"originX":5,"originY":38,"advance":26},
    "Ò":{"x":126,"y":0,"width":36,"height":46,"originX":4,"originY":39,"advance":25},
    "Ó":{"x":162,"y":0,"width":36,"height":46,"originX":5,"originY":39,"advance":25},
    "Ô":{"x":198,"y":0,"width":36,"height":46,"originX":4,"originY":39,"advance":25},
    "Õ":{"x":705,"y":0,"width":36,"height":44,"originX":4,"originY":37,"advance":25},
    "Ö":{"x":80,"y":48,"width":36,"height":43,"originX":5,"originY":36,"advance":25},
    "×":{"x":77,"y":237,"width":26,"height":24,"originX":3,"originY":22,"advance":19},
    "Ø":{"x":0,"y":131,"width":38,"height":37,"originX":5,"originY":30,"advance":25},
    "Ù":{"x":517,"y":0,"width":33,"height":45,"originX":5,"originY":38,"advance":23},
    "Ú":{"x":550,"y":0,"width":33,"height":45,"originX":5,"originY":38,"advance":23},
    "Û":{"x":234,"y":0,"width":33,"height":46,"originX":5,"originY":39,"advance":23},
    "Ü":{"x":303,"y":48,"width":33,"height":42,"originX":5,"originY":35,"advance":23},
    "Ý":{"x":93,"y":0,"width":33,"height":47,"originX":6,"originY":40,"advance":20},
    "Þ":{"x":112,"y":168,"width":28,"height":37,"originX":5,"originY":30,"advance":16},
    "ß":{"x":194,"y":92,"width":27,"height":39,"originX":5,"originY":31,"advance":17},
    "à":{"x":730,"y":48,"width":29,"height":39,"originX":5,"originY":32,"advance":18},
    "á":{"x":759,"y":48,"width":29,"height":39,"originX":5,"originY":32,"advance":18},
    "â":{"x":788,"y":48,"width":29,"height":39,"originX":5,"originY":32,"advance":18},
    "ã":{"x":699,"y":131,"width":29,"height":37,"originX":5,"originY":30,"advance":18},
    "ä":{"x":621,"y":168,"width":29,"height":35,"originX":5,"originY":28,"advance":18},
    "å":{"x":508,"y":48,"width":29,"height":40,"originX":5,"originY":33,"advance":18},
    "æ":{"x":166,"y":205,"width":41,"height":29,"originX":6,"originY":22,"advance":29},
    "ç":{"x":706,"y":168,"width":27,"height":35,"originX":5,"originY":22,"advance":16},
    "è":{"x":625,"y":92,"width":28,"height":38,"originX":5,"originY":32,"advance":18},
    "é":{"x":653,"y":92,"width":28,"height":38,"originX":5,"originY":32,"advance":18},
    "ê":{"x":0,"y":92,"width":28,"height":39,"originX":5,"originY":32,"advance":18},
    "ë":{"x":650,"y":168,"width":28,"height":35,"originX":5,"originY":29,"advance":18},
    "ì":{"x":756,"y":92,"width":20,"height":38,"originX":6,"originY":32,"advance":9},
    "í":{"x":735,"y":92,"width":21,"height":38,"originX":5,"originY":32,"advance":9},
    "î":{"x":221,"y":92,"width":27,"height":39,"originX":8,"originY":32,"advance":9},
    "ï":{"x":760,"y":168,"width":25,"height":35,"originX":8,"originY":28,"advance":9},
    "ð":{"x":167,"y":168,"width":26,"height":37,"originX":5,"originY":30,"advance":16},
    "ñ":{"x":728,"y":131,"width":29,"height":37,"originX":5,"originY":30,"advance":17},
    "ò":{"x":28,"y":92,"width":28,"height":39,"originX":5,"originY":32,"advance":17},
    "ó":{"x":56,"y":92,"width":28,"height":39,"originX":5,"originY":32,"advance":17},
    "ô":{"x":84,"y":92,"width":28,"height":39,"originX":5,"originY":32,"advance":17},
    "õ":{"x":757,"y":131,"width":29,"height":37,"originX":5,"originY":30,"advance":17},
    "ö":{"x":678,"y":168,"width":28,"height":35,"originX":5,"originY":28,"advance":17},
    "÷":{"x":657,"y":205,"width":27,"height":26,"originX":4,"originY":23,"advance":19},
    "ø":{"x":302,"y":205,"width":29,"height":29,"originX":6,"originY":22,"advance":17},
    "ù":{"x":248,"y":92,"width":27,"height":39,"originX":4,"originY":32,"advance":16},
    "ú":{"x":275,"y":92,"width":27,"height":39,"originX":4,"originY":32,"advance":16},
    "û":{"x":112,"y":92,"width":28,"height":39,"originX":4,"originY":32,"advance":16},
    "ü":{"x":733,"y":168,"width":27,"height":35,"originX":4,"originY":28,"advance":16},
    "ý":{"x":267,"y":0,"width":30,"height":46,"originX":6,"originY":32,"advance":17},
    "þ":{"x":772,"y":0,"width":28,"height":44,"originX":5,"originY":29,"advance":17},
    "ÿ":{"x":183,"y":48,"width":30,"height":43,"originX":6,"originY":28,"advance":17}
  }
}