{
  "name": "Arial Unicode MS",
  "size": 32,
  "bold": true,
  "italic": false,
  "width": 793,
  "height": 252,
  "characters": {
    "0":{"x":756,"y":83,"width":28,"height":36,"originX":5,"originY":29,"advance":18},
    "1":{"x":27,"y":190,"width":22,"height":35,"originX":3,"originY":29,"advance":18},
    "2":{"x":382,"y":155,"width":29,"height":35,"originX":5,"originY":29,"advance":18},
    "3":{"x":292,"y":83,"width":29,"height":36,"originX":5,"originY":29,"advance":18},
    "4":{"x":411,"y":155,"width":29,"height":35,"originX":6,"originY":29,"advance":18},
    "5":{"x":440,"y":155,"width":29,"height":35,"originX":5,"originY":29,"advance":18},
    "6":{"x":321,"y":83,"width":29,"height":36,"originX":5,"originY":29,"advance":18},
    "7":{"x":614,"y":155,"width":28,"height":35,"originX":5,"originY":29,"advance":18},
    "8":{"x":350,"y":83,"width":29,"height":36,"originX":5,"originY":29,"advance":18},
    "9":{"x":379,"y":83,"width":29,"height":36,"originX":5,"originY":29,"advance":18},
    "!":{"x":71,"y":190,"width":17,"height":35,"originX":3,"originY":29,"advance":9},
    "\"":{"x":354,"y":225,"width":22,"height":20,"originX":5,"originY":29,"advance":12},
    "#":{"x":201,"y":83,"width":31,"height":36,"originX":6,"originY":30,"advance":18},
    "$":{"x":291,"y":42,"width":28,"height":41,"originX":5,"originY":31,"advance":18},
    "%":{"x":541,"y":42,"width":37,"height":37,"originX":4,"originY":30,"advance":29},
    "&":{"x":104,"y":83,"width":33,"height":36,"originX":5,"originY":30,"advance":22},
    "'":{"x":376,"y":225,"width":17,"height":20,"originX":5,"originY":29,"advance":7},
    "(":{"x":505,"y":0,"width":21,"height":42,"originX":4,"originY":30,"advance":11},
    ")":{"x":526,"y":0,"width":21,"height":42,"originX":5,"originY":30,"advance":11},
    "*":{"x":308,"y":225,"width":24,"height":22,"originX":5,"originY":30,"advance":13},
    "+":{"x":663,"y":190,"width":29,"height":28,"originX":4,"originY":25,"advance":19},
    ",":{"x":393,"y":225,"width":17,"height":20,"originX":3,"originY":9,"advance":9},
    "-":{"x":497,"y":225,"width":22,"height":15,"originX":5,"originY":16,"advance":11},
    ".":{"x":541,"y":225,"width":17,"height":15,"originX":3,"originY":9,"advance":9},
    "/":{"x":376,"y":119,"width":22,"height":36,"originX":6,"originY":29,"advance":9},
    ":":{"x":646,"y":190,"width":17,"height":29,"originX":3,"originY":23,"advance":9},
    ";":{"x":154,"y":190,"width":17,"height":33,"originX":3,"originY":23,"advance":9},
    "<":{"x":692,"y":190,"width":29,"height":28,"originX":4,"originY":26,"advance":19},
    "=":{"x":250,"y":225,"width":29,"height":22,"originX":4,"originY":22,"advance":19},
    ">":{"x":721,"y":190,"width":29,"height":28,"originX":4,"originY":26,"advance":19},
    "?":{"x":0,"y":119,"width":28,"height":36,"originX":5,"originY":30,"advance":18},
    "@":{"x":0,"y":0,"width":43,"height":42,"originX":4,"originY":30,"advance":33},
    "A":{"x":567,"y":119,"width":35,"height":35,"originX":6,"originY":29,"advance":22},
    "B":{"x":227,"y":155,"width":31,"height":35,"originX":4,"originY":29,"advance":22},
    "C":{"x":36,"y":83,"width":34,"height":36,"originX":5,"originY":30,"advance":24},
    "D":{"x":34,"y":155,"width":33,"height":35,"originX":4,"originY":29,"advance":24},
    "E":{"x":258,"y":155,"width":31,"height":35,"originX":4,"originY":29,"advance":22},
    "F":{"x":469,"y":155,"width":29,"height":35,"originX":4,"originY":29,"advance":20},
    "G":{"x":70,"y":83,"width":34,"height":36,"originX":4,"originY":30,"advance":25},
    "H":{"x":67,"y":155,"width":32,"height":35,"originX":4,"originY":29,"advance":24},
    "I":{"x":88,"y":190,"width":17,"height":35,"originX":3,"originY":29,"advance":9},
    "J":{"x":304,"y":119,"width":26,"height":36,"originX":5,"originY":29,"advance":16},
    "K":{"x":99,"y":155,"width":32,"height":35,"originX":4,"originY":29,"advance":22},
    "L":{"x":642,"y":155,"width":28,"height":35,"originX":4,"originY":29,"advance":18},
    "M":{"x":602,"y":119,"width":35,"height":35,"originX":4,"originY":29,"advance":27},
    "N":{"x":131,"y":155,"width":32,"height":35,"originX":4,"originY":29,"advance":24},
    "O":{"x":0,"y":83,"width":36,"height":36,"originX":5,"originY":30,"advance":25},
    "P":{"x":289,"y":155,"width":31,"height":35,"originX":4,"originY":29,"advance":22},
    "Q":{"x":469,"y":42,"width":36,"height":38,"originX":5,"originY":30,"advance":25},
    "R":{"x":707,"y":119,"width":34,"height":35,"originX":4,"originY":29,"advance":24},
    "S":{"x":137,"y":83,"width":32,"height":36,"originX":5,"originY":30,"advance":22},
    "T":{"x":163,"y":155,"width":32,"height":35,"originX":5,"originY":29,"advance":20},
    "U":{"x":169,"y":83,"width":32,"height":36,"originX":4,"originY":29,"advance":24},
    "V":{"x":741,"y":119,"width":34,"height":35,"originX":6,"originY":29,"advance":22},
    "W":{"x":524,"y":119,"width":43,"height":35,"originX":6,"originY":29,"advance":31},
    "X":{"x":0,"y":155,"width":34,"height":35,"originX":6,"originY":29,"advance":22},
    "Y":{"x":637,"y":119,"width":35,"height":35,"originX":6,"originY":29,"advance":22},
    "Z":{"x":195,"y":155,"width":32,"height":35,"originX":6,"originY":29,"advance":20},
    "[":{"x":547,"y":0,"width":20,"height":42,"originX":4,"originY":29,"advance":9},
    "\\":{"x":398,"y":119,"width":22,"height":36,"originX":6,"originY":29,"advance":9},
    "]":{"x":567,"y":0,"width":20,"height":42,"originX":6,"originY":29,"advance":9},
    "^":{"x":110,"y":225,"width":27,"height":25,"originX":5,"originY":29,"advance":15},
    "_":{"x":575,"y":225,"width":30,"height":14,"originX":6,"originY":4,"advance":16},
    "`":{"x":459,"y":225,"width":19,"height":17,"originX":5,"originY":30,"advance":11},
    "a":{"x":269,"y":190,"width":29,"height":30,"originX":5,"originY":23,"advance":18},
    "b":{"x":28,"y":119,"width":28,"height":36,"originX":4,"originY":29,"advance":18},
    "c":{"x":356,"y":190,"width":28,"height":30,"originX":5,"originY":23,"advance":16},
    "d":{"x":56,"y":119,"width":28,"height":36,"originX":5,"originY":29,"advance":18},
    "e":{"x":298,"y":190,"width":29,"height":30,"originX":5,"originY":23,"advance":18},
    "f":{"x":330,"y":119,"width":23,"height":36,"originX":6,"originY":30,"advance":9},
    "g":{"x":84,"y":119,"width":28,"height":36,"originX":5,"originY":23,"advance":18},
    "h":{"x":698,"y":155,"width":27,"height":35,"originX":4,"originY":29,"advance":18},
    "i":{"x":122,"y":190,"width":16,"height":35,"originX":4,"originY":29,"advance":8},
    "j":{"x":587,"y":0,"width":20,"height":42,"originX":8,"originY":29,"advance":8},
    "k":{"x":725,"y":155,"width":27,"height":35,"originX":4,"originY":29,"advance":16},
    "l":{"x":138,"y":190,"width":16,"height":35,"originX":4,"originY":29,"advance":8},
    "m":{"x":411,"y":190,"width":36,"height":29,"originX":4,"originY":23,"advance":27},
    "n":{"x":569,"y":190,"width":27,"height":29,"originX":4,"originY":23,"advance":18},
    "o":{"x":327,"y":190,"width":29,"height":30,"originX":5,"originY":23,"advance":18},
    "p":{"x":112,"y":119,"width":28,"height":36,"originX":4,"originY":23,"advance":18},
    "q":{"x":140,"y":119,"width":28,"height":36,"originX":5,"originY":23,"advance":18},
    "r":{"x":623,"y":190,"width":23,"height":29,"originX":4,"originY":23,"advance":11},
    "s":{"x":384,"y":190,"width":27,"height":30,"originX":5,"originY":23,"advance":16},
    "t":{"x":420,"y":119,"width":22,"height":36,"originX":6,"originY":29,"advance":9},
    "u":{"x":596,"y":190,"width":27,"height":29,"originX":4,"originY":23,"advance":18},
    "v":{"x":483,"y":190,"width":29,"height":29,"originX":6,"originY":23,"advance":16},
    "w":{"x":447,"y":190,"width":36,"height":29,"originX":6,"originY":23,"advance":24},
    "x":{"x":512,"y":190,"width":29,"height":29,"originX":6,"originY":23,"advance":16},
    "y":{"x":498,"y":155,"width":29,"height":35,"originX":6,"originY":23,"advance":16},
    "z":{"x":541,"y":190,"width":28,"height":29,"originX":5,"originY":23,"advance":16},
    "{":{"x":460,"y":0,"width":23,"height":42,"originX":5,"originY":30,"advance":11},
    "|":{"x":607,"y":0,"width":16,"height":42,"originX":3,"originY":29,"advance":9},
    "}":{"x":483,"y":0,"width":22,"height":42,"originX":5,"originY":30,"advance":11},
    "~":{"x":410,"y":225,"width":29,"height":19,"originX":5,"originY":21,"advance":19},
    " ":{"x":635,"y":225,"width":12,"height":12,"originX":6,"originY":6,"advance":9},
    "¡":{"x":105,"y":190,"width":17,"height":35,"originX":3,"originY":23,"advance":11},
    "¢":{"x":404,"y":0,"width":28,"height":42,"originX":4,"originY":30,"advance":18},
    "£":{"x":232,"y":83,"width":30,"height":36,"originX":6,"originY":30,"advance":18},
    "¤":{"x":750,"y":190,"width":29,"height":28,"originX":5,"originY":26,"advance":18},
    "¥":{"x":320,"y":155,"width":31,"height":35,"originX":6,"originY":29,"advance":18},
    "¦":{"x":623,"y":0,"width":16,"height":42,"originX":3,"originY":29,"advance":9},
    "§":{"x":346,"y":0,"width":29,"height":42,"originX":5,"originY":30,"advance":18},
    "¨":{"x":519,"y":225,"width":22,"height":15,"originX":5,"originY":29,"advance":11},
    "©":{"x":645,"y":42,"width":37,"height":36,"originX":6,"originY":29,"advance":24},
    "ª":{"x":137,"y":225,"width":24,"height":24,"originX":5,"originY":30,"advance":12},
    "«":{"x":0,"y":225,"width":27,"height":27,"originX":4,"originY":22,"advance":18},
    "¬":{"x":279,"y":225,"width":29,"height":22,"originX":4,"originY":22,"advance":19},
    "­":{"x":647,"y":225,"width":12,"height":12,"originX":6,"originY":6,"advance":0},
    "®":{"x":682,"y":42,"width":37,"height":36,"originX":6,"originY":29,"advance":24},
    "¯":{"x":605,"y":225,"width":30,"height":14,"originX":6,"originY":33,"advance":16},
    "°":{"x":332,"y":225,"width":22,"height":21,"originX":4,"originY":30,"advance":13},
    "±":{"x":171,"y":190,"width":29,"height":32,"originX":4,"originY":26,"advance":19},
    "²":{"x":208,"y":225,"width":23,"height":23,"originX":6,"originY":30,"advance":11},
    "³":{"x":185,"y":225,"width":23,"height":24,"originX":6,"originY":30,"advance":11},
    "´":{"x":478,"y":225,"width":19,"height":17,"originX":3,"originY":30,"advance":11},
    "µ":{"x":196,"y":119,"width":27,"height":36,"originX":4,"originY":23,"advance":18},
    "¶":{"x":315,"y":0,"width":31,"height":42,"originX":6,"originY":29,"advance":18},
    "·":{"x":558,"y":225,"width":17,"height":15,"originX":3,"originY":19,"advance":9},
    "¸":{"x":439,"y":225,"width":20,"height":19,"originX":4,"originY":7,"advance":11},
    "¹":{"x":231,"y":225,"width":19,"height":23,"originX":4,"originY":30,"advance":11},
    "º":{"x":161,"y":225,"width":24,"height":24,"originX":5,"originY":30,"advance":12},
    "»":{"x":27,"y":225,"width":27,"height":27,"originX":4,"originY":22,"advance":18},
    "¼":{"x":719,"y":42,"width":37,"height":36,"originX":4,"originY":30,"advance":27},
    "½":{"x":756,"y":42,"width":37,"height":36,"originX":4,"originY":30,"advance":27},
    "¾":{"x":607,"y":42,"width":38,"height":36,"originX":5,"originY":30,"advance":27},
    "¿":{"x":670,"y":155,"width":28,"height":35,"originX":4,"originY":23,"advance":20},
    "À":{"x":711,"y":0,"width":35,"height":41,"originX":6,"originY":35,"advance":22},
    "Á":{"x":746,"y":0,"width":35,"height":41,"originX":6,"originY":35,"advance":22},
    "Â":{"x":0,"y":42,"width":35,"height":41,"originX":6,"originY":35,"advance":22},
    "Ã":{"x":35,"y":42,"width":35,"height":41,"originX":6,"originY":35,"advance":22},
    "Ä":{"x":381,"y":42,"width":35,"height":40,"originX":6,"originY":34,"advance":22},
    "Å":{"x":151,"y":0,"width":35,"height":42,"originX":6,"originY":36,"advance":22},
    "Æ":{"x":480,"y":119,"width":44,"height":35,"originX":6,"originY":29,"advance":32},
    "Ç":{"x":186,"y":0,"width":33,"height":42,"originX":4,"originY":30,"advance":24},
    "È":{"x":169,"y":42,"width":31,"height":41,"originX":4,"originY":35,"advance":22},
    "É":{"x":200,"y":42,"width":31,"height":41,"originX":4,"originY":35,"advance":22},
    "Ê":{"x":231,"y":42,"width":31,"height":41,"originX":4,"originY":35,"advance":22},
    "Ë":{"x":416,"y":42,"width":31,"height":40,"originX":4,"originY":34,"advance":22},
    "Ì":{"x":342,"y":42,"width":20,"height":41,"originX":6,"originY":35,"advance":9},
    "Í":{"x":362,"y":42,"width":19,"height":41,"originX":3,"originY":35,"advance":9},
    "Î":{"x":319,"y":42,"width":23,"height":41,"originX":6,"originY":35,"advance":9},
    "Ï":{"x":447,"y":42,"width":22,"height":40,"originX":6,"originY":34,"advance":9},
    "Ð":{"x":672,"y":119,"width":35,"height":35,"originX":6,"originY":29,"advance":24},
    "Ñ":{"x":105,"y":42,"width":32,"height":41,"originX":4,"originY":35,"advance":24},
    "Ò":{"x":43,"y":0,"width":36,"height":42,"originX":5,"originY":35,"advance":25},
    "Ó":{"x":79,"y":0,"width":36,"height":42,"originX":5,"originY":35,"advance":25},
    "Ô":{"x":115,"y":0,"width":36,"height":42,"originX":5,"originY":35,"advance":25},
    "Õ":{"x":639,"y":0,"width":36,"height":41,"originX":5,"originY":35,"advance":25},
    "Ö":{"x":675,"y":0,"width":36,"height":41,"originX":5,"originY":34,"advance":25},
    "×":{"x":54,"y":225,"width":27,"height":26,"originX":4,"originY":25,"advance":19},
    "Ø":{"x":505,"y":42,"width":36,"height":38,"originX":5,"originY":31,"advance":25},
    "Ù":{"x":219,"y":0,"width":32,"height":42,"originX":4,"originY":35,"advance":24},
    "Ú":{"x":251,"y":0,"width":32,"height":42,"originX":4,"originY":35,"advance":24},
    "Û":{"x":283,"y":0,"width":32,"height":42,"originX":4,"originY":35,"advance":24},
    "Ü":{"x":137,"y":42,"width":32,"height":41,"originX":4,"originY":34,"advance":24},
    "Ý":{"x":70,"y":42,"width":35,"height":41,"originX":6,"originY":35,"advance":22},
    "Þ":{"x":351,"y":155,"width":31,"height":35,"originX":4,"originY":29,"advance":22},
    "ß":{"x":262,"y":83,"width":30,"height":36,"originX":4,"originY":30,"advance":20},
    "à":{"x":408,"y":83,"width":29,"height":36,"originX":5,"originY":30,"advance":18},
    "á":{"x":437,"y":83,"width":29,"height":36,"originX":5,"originY":30,"advance":18},
    "â":{"x":466,"y":83,"width":29,"height":36,"originX":5,"originY":30,"advance":18},
    "ã":{"x":495,"y":83,"width":29,"height":36,"originX":5,"originY":29,"advance":18},
    "ä":{"x":527,"y":155,"width":29,"height":35,"originX":5,"originY":29,"advance":18},
    "å":{"x":578,"y":42,"width":29,"height":37,"originX":5,"originY":30,"advance":18},
    "æ":{"x":229,"y":190,"width":40,"height":30,"originX":5,"originY":23,"advance":29},
    "ç":{"x":168,"y":119,"width":28,"height":36,"originX":5,"originY":23,"advance":16},
    "è":{"x":524,"y":83,"width":29,"height":36,"originX":5,"originY":30,"advance":18},
    "é":{"x":553,"y":83,"width":29,"height":36,"originX":5,"originY":30,"advance":18},
    "ê":{"x":582,"y":83,"width":29,"height":36,"originX":5,"originY":30,"advance":18},
    "ë":{"x":556,"y":155,"width":29,"height":35,"originX":5,"originY":29,"advance":18},
    "ì":{"x":442,"y":119,"width":19,"height":36,"originX":6,"originY":30,"advance":9},
    "í":{"x":461,"y":119,"width":19,"height":36,"originX":3,"originY":30,"advance":9},
    "î":{"x":353,"y":119,"width":23,"height":36,"originX":6,"originY":30,"advance":9},
    "ï":{"x":49,"y":190,"width":22,"height":35,"originX":6,"originY":29,"advance":9},
    "ð":{"x":611,"y":83,"width":29,"height":36,"originX":5,"originY":30,"advance":18},
    "ñ":{"x":752,"y":155,"width":27,"height":35,"originX":4,"originY":29,"advance":18},
    "ò":{"x":640,"y":83,"width":29,"height":36,"originX":5,"originY":30,"advance":18},
    "ó":{"x":669,"y":83,"width":29,"height":36,"originX":5,"originY":30,"advance":18},
    "ô":{"x":698,"y":83,"width":29,"height":36,"originX":5,"originY":30,"advance":18},
    "õ":{"x":727,"y":83,"width":29,"height":36,"originX":5,"originY":29,"advance":18},
    "ö":{"x":585,"y":155,"width":29,"height":35,"originX":5,"originY":29,"advance":18},
    "÷":{"x":81,"y":225,"width":29,"height":25,"originX":4,"originY":24,"advance":19},
    "ø":{"x":200,"y":190,"width":29,"height":32,"originX":4,"originY":24,"advance":20},
    "ù":{"x":223,"y":119,"width":27,"height":36,"originX":4,"originY":30,"advance":18},
    "ú":{"x":250,"y":119,"width":27,"height":36,"originX":4,"originY":30,"advance":18},
    "û":{"x":277,"y":119,"width":27,"height":36,"originX":4,"originY":30,"advance":18},
    "ü":{"x":0,"y":190,"width":27,"height":35,"originX":4,"originY":29,"advance":18},
    "ý":{"x":375,"y":0,"width":29,"height":42,"originX":6,"originY":30,"advance":16},
    "þ":{"x":432,"y":0,"width":28,"height":42,"originX":4,"originY":29,"advance":18},
    "ÿ":{"x":262,"y":42,"width":29,"height":41,"originX":6,"originY":29,"advance":16}
  }
}