{
  "name": "Cambria",
  "size": 32,
  "bold": true,
  "italic": false,
  "width": 777,
  "height": 243,
  "characters": {
    "0":{"x":205,"y":116,"width":28,"height":34,"originX":4,"originY":28,"advance":19},
    "1":{"x":457,"y":116,"width":27,"height":34,"originX":4,"originY":28,"advance":19},
    "2":{"x":484,"y":116,"width":27,"height":34,"originX":4,"originY":28,"advance":19},
    "3":{"x":511,"y":116,"width":27,"height":34,"originX":4,"originY":28,"advance":19},
    "4":{"x":495,"y":150,"width":30,"height":33,"originX":5,"originY":27,"advance":19},
    "5":{"x":416,"y":81,"width":27,"height":35,"originX":4,"originY":28,"advance":19},
    "6":{"x":233,"y":116,"width":28,"height":34,"originX":4,"originY":28,"advance":19},
    "7":{"x":643,"y":150,"width":28,"height":33,"originX":4,"originY":27,"advance":19},
    "8":{"x":60,"y":116,"width":29,"height":34,"originX":5,"originY":28,"advance":19},
    "9":{"x":261,"y":116,"width":28,"height":34,"originX":5,"originY":28,"advance":19},
    "!":{"x":121,"y":183,"width":18,"height":33,"originX":3,"originY":27,"advance":10},
    "\"":{"x":447,"y":216,"width":22,"height":19,"originX":4,"originY":28,"advance":13},
    "#":{"x":585,"y":150,"width":29,"height":33,"originX":5,"originY":27,"advance":20},
    "$":{"x":461,"y":41,"width":27,"height":38,"originX":4,"originY":30,"advance":17},
    "%":{"x":488,"y":41,"width":41,"height":36,"originX":5,"originY":28,"advance":31},
    "&":{"x":588,"y":81,"width":35,"height":34,"originX":5,"originY":28,"advance":23},
    "'":{"x":430,"y":216,"width":17,"height":20,"originX":4,"originY":28,"advance":8},
    "(":{"x":191,"y":0,"width":22,"height":41,"originX":3,"originY":28,"advance":13},
    ")":{"x":213,"y":0,"width":22,"height":41,"originX":5,"originY":28,"advance":13},
    "*":{"x":218,"y":216,"width":25,"height":25,"originX":5,"originY":28,"advance":14},
    "+":{"x":727,"y":183,"width":28,"height":27,"originX":4,"originY":22,"advance":19},
    ",":{"x":392,"y":216,"width":18,"height":21,"originX":6,"originY":10,"advance":7},
    "-":{"x":593,"y":216,"width":20,"height":15,"originX":4,"originY":16,"advance":11},
    ".":{"x":554,"y":216,"width":17,"height":16,"originX":5,"originY":10,"advance":7},
    "/":{"x":91,"y":0,"width":27,"height":41,"originX":5,"originY":28,"advance":16},
    ":":{"x":201,"y":216,"width":17,"height":26,"originX":4,"originY":20,"advance":9},
    ";":{"x":237,"y":183,"width":18,"height":31,"originX":5,"originY":20,"advance":9},
    "<":{"x":389,"y":183,"width":28,"height":28,"originX":4,"originY":23,"advance":19},
    "=":{"x":316,"y":216,"width":27,"height":21,"originX":4,"originY":20,"advance":19},
    ">":{"x":417,"y":183,"width":28,"height":28,"originX":4,"originY":23,"advance":19},
    "?":{"x":616,"y":116,"width":24,"height":34,"originX":5,"originY":28,"advance":14},
    "@":{"x":529,"y":41,"width":38,"height":36,"originX":4,"originY":28,"advance":29},
    "A":{"x":76,"y":150,"width":33,"height":33,"originX":6,"originY":27,"advance":21},
    "B":{"x":433,"y":150,"width":31,"height":33,"originX":5,"originY":27,"advance":21},
    "C":{"x":289,"y":116,"width":28,"height":34,"originX":4,"originY":28,"advance":18},
    "D":{"x":241,"y":150,"width":32,"height":33,"originX":5,"originY":27,"advance":22},
    "E":{"x":671,"y":150,"width":28,"height":33,"originX":5,"originY":27,"advance":18},
    "F":{"x":699,"y":150,"width":28,"height":33,"originX":5,"originY":27,"advance":17},
    "G":{"x":717,"y":81,"width":30,"height":34,"originX":4,"originY":28,"advance":20},
    "H":{"x":109,"y":150,"width":33,"height":33,"originX":5,"originY":27,"advance":23},
    "I":{"x":100,"y":183,"width":21,"height":33,"originX":5,"originY":27,"advance":11},
    "J":{"x":386,"y":41,"width":22,"height":39,"originX":6,"originY":27,"advance":11},
    "K":{"x":142,"y":150,"width":33,"height":33,"originX":5,"originY":27,"advance":22},
    "L":{"x":727,"y":150,"width":28,"height":33,"originX":5,"originY":27,"advance":17},
    "M":{"x":39,"y":150,"width":37,"height":33,"originX":5,"originY":27,"advance":27},
    "N":{"x":273,"y":150,"width":32,"height":33,"originX":5,"originY":27,"advance":21},
    "O":{"x":655,"y":81,"width":31,"height":34,"originX":4,"originY":28,"advance":22},
    "P":{"x":525,"y":150,"width":30,"height":33,"originX":5,"originY":27,"advance":19},
    "Q":{"x":407,"y":0,"width":32,"height":40,"originX":4,"originY":28,"advance":22},
    "R":{"x":305,"y":150,"width":32,"height":33,"originX":5,"originY":27,"advance":21},
    "S":{"x":565,"y":116,"width":26,"height":34,"originX":5,"originY":28,"advance":16},
    "T":{"x":464,"y":150,"width":31,"height":33,"originX":5,"originY":27,"advance":20},
    "U":{"x":623,"y":81,"width":32,"height":34,"originX":5,"originY":27,"advance":21},
    "V":{"x":175,"y":150,"width":33,"height":33,"originX":6,"originY":27,"advance":20},
    "W":{"x":704,"y":116,"width":43,"height":33,"originX":6,"originY":27,"advance":31},
    "X":{"x":337,"y":150,"width":32,"height":33,"originX":6,"originY":27,"advance":20},
    "Y":{"x":369,"y":150,"width":32,"height":33,"originX":6,"originY":27,"advance":19},
    "Z":{"x":0,"y":183,"width":28,"height":33,"originX":5,"originY":27,"advance":18},
    "[":{"x":235,"y":0,"width":21,"height":41,"originX":3,"originY":28,"advance":12},
    "\\":{"x":118,"y":0,"width":27,"height":41,"originX":5,"originY":28,"advance":16},
    "]":{"x":256,"y":0,"width":20,"height":41,"originX":5,"originY":28,"advance":12},
    "^":{"x":289,"y":216,"width":27,"height":23,"originX":4,"originY":28,"advance":19},
    "_":{"x":613,"y":216,"width":25,"height":14,"originX":6,"originY":4,"advance":12},
    "`":{"x":499,"y":216,"width":19,"height":18,"originX":5,"originY":29,"advance":9},
    "a":{"x":445,"y":183,"width":28,"height":28,"originX":5,"originY":22,"advance":17},
    "b":{"x":162,"y":81,"width":29,"height":35,"originX":5,"originY":28,"advance":19},
    "c":{"x":556,"y":183,"width":25,"height":28,"originX":5,"originY":22,"advance":15},
    "d":{"x":191,"y":81,"width":29,"height":35,"originX":5,"originY":28,"advance":19},
    "e":{"x":529,"y":183,"width":27,"height":28,"originX":5,"originY":22,"advance":17},
    "f":{"x":640,"y":116,"width":24,"height":34,"originX":5,"originY":28,"advance":10},
    "g":{"x":89,"y":116,"width":29,"height":34,"originX":6,"originY":22,"advance":16},
    "h":{"x":747,"y":81,"width":30,"height":34,"originX":5,"originY":28,"advance":19},
    "i":{"x":664,"y":116,"width":20,"height":34,"originX":5,"originY":28,"advance":10},
    "j":{"x":120,"y":41,"width":19,"height":40,"originX":6,"originY":28,"advance":9},
    "k":{"x":686,"y":81,"width":31,"height":34,"originX":5,"originY":28,"advance":19},
    "l":{"x":684,"y":116,"width":20,"height":34,"originX":5,"originY":28,"advance":10},
    "m":{"x":255,"y":183,"width":39,"height":28,"originX":5,"originY":22,"advance":28},
    "n":{"x":360,"y":183,"width":29,"height":28,"originX":5,"originY":22,"advance":19},
    "o":{"x":473,"y":183,"width":28,"height":28,"originX":5,"originY":22,"advance":18},
    "p":{"x":118,"y":116,"width":29,"height":34,"originX":5,"originY":22,"advance":19},
    "q":{"x":147,"y":116,"width":29,"height":34,"originX":5,"originY":22,"advance":19},
    "r":{"x":581,"y":183,"width":25,"height":28,"originX":5,"originY":22,"advance":15},
    "s":{"x":606,"y":183,"width":25,"height":28,"originX":5,"originY":22,"advance":14},
    "t":{"x":185,"y":183,"width":24,"height":32,"originX":6,"originY":25,"advance":11},
    "u":{"x":330,"y":183,"width":30,"height":28,"originX":5,"originY":21,"advance":19},
    "v":{"x":669,"y":183,"width":29,"height":27,"originX":6,"originY":21,"advance":17},
    "w":{"x":631,"y":183,"width":38,"height":27,"originX":6,"originY":21,"advance":25},
    "x":{"x":698,"y":183,"width":29,"height":27,"originX":6,"originY":21,"advance":17},
    "y":{"x":176,"y":116,"width":29,"height":34,"originX":6,"originY":21,"advance":17},
    "z":{"x":0,"y":216,"width":26,"height":27,"originX":5,"originY":21,"advance":15},
    "{":{"x":145,"y":0,"width":23,"height":41,"originX":5,"originY":28,"advance":12},
    "|":{"x":276,"y":0,"width":16,"height":41,"originX":3,"originY":28,"advance":10},
    "}":{"x":168,"y":0,"width":23,"height":41,"originX":5,"originY":28,"advance":12},
    "~":{"x":469,"y":216,"width":30,"height":18,"originX":5,"originY":18,"advance":19},
    " ":{"x":659,"y":216,"width":12,"height":12,"originX":6,"originY":6,"advance":7},
    "¡":{"x":139,"y":183,"width":18,"height":33,"originX":3,"originY":21,"advance":10},
    "¢":{"x":28,"y":183,"width":25,"height":33,"originX":5,"originY":24,"advance":15},
    "£":{"x":317,"y":116,"width":28,"height":34,"originX":5,"originY":28,"advance":18},
    "¤":{"x":26,"y":216,"width":27,"height":26,"originX":4,"originY":24,"advance":19},
    "¥":{"x":401,"y":150,"width":32,"height":33,"originX":5,"originY":27,"advance":20},
    "¦":{"x":292,"y":0,"width":16,"height":41,"originX":3,"originY":28,"advance":10},
    "§":{"x":359,"y":41,"width":27,"height":39,"originX":5,"originY":28,"advance":17},
    "¨":{"x":571,"y":216,"width":22,"height":15,"originX":6,"originY":27,"advance":9},
    "©":{"x":567,"y":41,"width":36,"height":36,"originX":4,"originY":28,"advance":27},
    "ª":{"x":156,"y":216,"width":23,"height":26,"originX":5,"originY":28,"advance":13},
    "«":{"x":80,"y":216,"width":26,"height":26,"originX":5,"originY":21,"advance":16},
    "¬":{"x":343,"y":216,"width":27,"height":21,"originX":4,"originY":19,"advance":19},
    "­":{"x":671,"y":216,"width":12,"height":12,"originX":6,"originY":6,"advance":0},
    "®":{"x":603,"y":41,"width":36,"height":36,"originX":4,"originY":28,"advance":27},
    "¯":{"x":638,"y":216,"width":21,"height":14,"originX":6,"originY":27,"advance":9},
    "°":{"x":370,"y":216,"width":22,"height":21,"originX":5,"originY":28,"advance":12},
    "±":{"x":209,"y":183,"width":28,"height":31,"originX":4,"originY":25,"advance":19},
    "²":{"x":243,"y":216,"width":23,"height":25,"originX":5,"originY":32,"advance":14},
    "³":{"x":179,"y":216,"width":22,"height":26,"originX":4,"originY":32,"advance":14},
    "´":{"x":518,"y":216,"width":19,"height":18,"originX":4,"originY":29,"advance":9},
    "µ":{"x":0,"y":116,"width":30,"height":34,"originX":4,"originY":21,"advance":19},
    "¶":{"x":660,"y":0,"width":29,"height":40,"originX":5,"originY":27,"advance":19},
    "·":{"x":537,"y":216,"width":17,"height":17,"originX":4,"originY":19,"advance":9},
    "¸":{"x":410,"y":216,"width":20,"height":20,"originX":5,"originY":7,"advance":9},
    "¹":{"x":266,"y":216,"width":23,"height":25,"originX":4,"originY":32,"advance":14},
    "º":{"x":132,"y":216,"width":24,"height":26,"originX":5,"originY":28,"advance":14},
    "»":{"x":106,"y":216,"width":26,"height":26,"originX":5,"originY":21,"advance":16},
    "¼":{"x":667,"y":41,"width":40,"height":35,"originX":4,"originY":28,"advance":30},
    "½":{"x":707,"y":41,"width":40,"height":35,"originX":4,"originY":28,"advance":31},
    "¾":{"x":0,"y":81,"width":40,"height":35,"originX":4,"originY":28,"advance":30},
    "¿":{"x":53,"y":183,"width":25,"height":33,"originX":5,"originY":21,"advance":14},
    "À":{"x":308,"y":0,"width":33,"height":40,"originX":6,"originY":34,"advance":21},
    "Á":{"x":341,"y":0,"width":33,"height":40,"originX":6,"originY":34,"advance":21},
    "Â":{"x":374,"y":0,"width":33,"height":40,"originX":6,"originY":34,"advance":21},
    "Ã":{"x":139,"y":41,"width":33,"height":39,"originX":6,"originY":33,"advance":21},
    "Ä":{"x":172,"y":41,"width":33,"height":39,"originX":6,"originY":33,"advance":21},
    "Å":{"x":0,"y":0,"width":33,"height":41,"originX":6,"originY":35,"advance":21},
    "Æ":{"x":0,"y":150,"width":39,"height":33,"originX":6,"originY":27,"advance":28},
    "Ç":{"x":718,"y":0,"width":28,"height":40,"originX":4,"originY":28,"advance":18},
    "È":{"x":746,"y":0,"width":28,"height":40,"originX":5,"originY":34,"advance":18},
    "É":{"x":0,"y":41,"width":28,"height":40,"originX":5,"originY":34,"advance":18},
    "Ê":{"x":28,"y":41,"width":28,"height":40,"originX":5,"originY":34,"advance":18},
    "Ë":{"x":331,"y":41,"width":28,"height":39,"originX":5,"originY":33,"advance":18},
    "Ì":{"x":78,"y":41,"width":21,"height":40,"originX":5,"originY":34,"advance":11},
    "Í":{"x":99,"y":41,"width":21,"height":40,"originX":5,"originY":34,"advance":11},
    "Î":{"x":56,"y":41,"width":22,"height":40,"originX":5,"originY":34,"advance":11},
    "Ï":{"x":408,"y":41,"width":22,"height":39,"originX":5,"originY":33,"advance":11},
    "Ð":{"x":208,"y":150,"width":33,"height":33,"originX":6,"originY":27,"advance":22},
    "Ñ":{"x":205,"y":41,"width":32,"height":39,"originX":5,"originY":33,"advance":21},
    "Ò":{"x":567,"y":0,"width":31,"height":40,"originX":4,"originY":34,"advance":22},
    "Ó":{"x":598,"y":0,"width":31,"height":40,"originX":4,"originY":34,"advance":22},
    "Ô":{"x":629,"y":0,"width":31,"height":40,"originX":4,"originY":34,"advance":22},
    "Õ":{"x":269,"y":41,"width":31,"height":39,"originX":4,"originY":33,"advance":22},
    "Ö":{"x":300,"y":41,"width":31,"height":39,"originX":4,"originY":33,"advance":22},
    "×":{"x":53,"y":216,"width":27,"height":26,"originX":4,"originY":22,"advance":19},
    "Ø":{"x":430,"y":41,"width":31,"height":38,"originX":4,"originY":30,"advance":22},
    "Ù":{"x":439,"y":0,"width":32,"height":40,"originX":5,"originY":34,"advance":21},
    "Ú":{"x":471,"y":0,"width":32,"height":40,"originX":5,"originY":34,"advance":21},
    "Û":{"x":503,"y":0,"width":32,"height":40,"originX":5,"originY":34,"advance":21},
    "Ü":{"x":237,"y":41,"width":32,"height":39,"originX":5,"originY":33,"advance":21},
    "Ý":{"x":535,"y":0,"width":32,"height":40,"originX":6,"originY":34,"advance":19},
    "Þ":{"x":555,"y":150,"width":30,"height":33,"originX":5,"originY":27,"advance":20},
    "ß":{"x":40,"y":81,"width":32,"height":35,"originX":5,"originY":28,"advance":21},
    "à":{"x":220,"y":81,"width":28,"height":35,"originX":5,"originY":29,"advance":17},
    "á":{"x":248,"y":81,"width":28,"height":35,"originX":5,"originY":29,"advance":17},
    "â":{"x":276,"y":81,"width":28,"height":35,"originX":5,"originY":29,"advance":17},
    "ã":{"x":345,"y":116,"width":28,"height":34,"originX":5,"originY":27,"advance":17},
    "ä":{"x":373,"y":116,"width":28,"height":34,"originX":5,"originY":27,"advance":17},
    "å":{"x":639,"y":41,"width":28,"height":36,"originX":5,"originY":29,"advance":17},
    "æ":{"x":294,"y":183,"width":36,"height":28,"originX":5,"originY":22,"advance":25},
    "ç":{"x":591,"y":116,"width":25,"height":34,"originX":5,"originY":22,"advance":15},
    "è":{"x":443,"y":81,"width":27,"height":35,"originX":5,"originY":29,"advance":17},
    "é":{"x":470,"y":81,"width":27,"height":35,"originX":5,"originY":29,"advance":17},
    "ê":{"x":497,"y":81,"width":27,"height":35,"originX":5,"originY":29,"advance":17},
    "ë":{"x":538,"y":116,"width":27,"height":34,"originX":5,"originY":27,"advance":17},
    "ì":{"x":546,"y":81,"width":21,"height":35,"originX":5,"originY":29,"advance":10},
    "í":{"x":567,"y":81,"width":21,"height":35,"originX":5,"originY":29,"advance":10},
    "î":{"x":524,"y":81,"width":22,"height":35,"originX":6,"originY":29,"advance":10},
    "ï":{"x":78,"y":183,"width":22,"height":33,"originX":6,"originY":27,"advance":10},
    "ð":{"x":304,"y":81,"width":28,"height":35,"originX":5,"originY":28,"advance":18},
    "ñ":{"x":614,"y":150,"width":29,"height":33,"originX":5,"originY":27,"advance":19},
    "ò":{"x":332,"y":81,"width":28,"height":35,"originX":5,"originY":29,"advance":18},
    "ó":{"x":360,"y":81,"width":28,"height":35,"originX":5,"originY":29,"advance":18},
    "ô":{"x":388,"y":81,"width":28,"height":35,"originX":5,"originY":29,"advance":18},
    "õ":{"x":401,"y":116,"width":28,"height":34,"originX":5,"originY":27,"advance":18},
    "ö":{"x":429,"y":116,"width":28,"height":34,"originX":5,"originY":27,"advance":18},
    "÷":{"x":501,"y":183,"width":28,"height":28,"originX":4,"originY":23,"advance":19},
    "ø":{"x":157,"y":183,"width":28,"height":32,"originX":5,"originY":24,"advance":18},
    "ù":{"x":72,"y":81,"width":30,"height":35,"originX":5,"originY":29,"advance":19},
    "ú":{"x":102,"y":81,"width":30,"height":35,"originX":5,"originY":29,"advance":19},
    "û":{"x":132,"y":81,"width":30,"height":35,"originX":5,"originY":29,"advance":19},
    "ü":{"x":30,"y":116,"width":30,"height":34,"originX":5,"originY":27,"advance":19},
    "ý":{"x":33,"y":0,"width":29,"height":41,"originX":6,"originY":29,"advance":17},
    "þ":{"x":62,"y":0,"width":29,"height":41,"originX":5,"originY":28,"advance":19},
    "ÿ":{"x":689,"y":0,"width":29,"height":40,"originX":6,"originY":27,"advance":17}
  }
}